"author","year","n1","n2","n","smd","se_smd","z","p","crit","sig_fixed","sig_005","sig_p1.1","sig_p1.2","sig_p1.5","sig_p2"
"Hakgüder","2003",31,31,62,1.17,0.274873871368834,4.2564976953741,2.07654176225855e-05,2.61252010797197,TRUE,TRUE,TRUE,TRUE,TRUE,TRUE
"Ibuldu","2004",20,20,40,0.89,0.331513574382709,2.68465628189498,0.00726044303821547,1.33517901268553,TRUE,FALSE,TRUE,TRUE,FALSE,FALSE
"Altan","2005",23,25,48,0.41,0.291940580488962,1.40439537152836,0.160201148393152,0.473063803898806,FALSE,FALSE,FALSE,FALSE,FALSE,FALSE
"Dundar","2014",38,37,75,1.05,0.246359121001661,4.26207073531862,2.02541306356675e-05,2.50311095688302,TRUE,TRUE,TRUE,TRUE,TRUE,TRUE
"Sumen","2015",30,15,45,0.67,0.324018175073217,2.06778524028352,0.0386602222072948,0.854539656780386,TRUE,FALSE,FALSE,FALSE,FALSE,FALSE
"Djordjovic","2020",10,10,20,3.15,0.669374708216556,4.70588440425644,2.5276772335268e-06,4.30219011232012,TRUE,TRUE,TRUE,TRUE,TRUE,TRUE
"Göksu","2016",30,31,61,0.37,0.258289622317667,1.43250044922417,0.152000649640207,0.458265212322467,FALSE,FALSE,FALSE,FALSE,FALSE,FALSE
"Kul","2019",20,20,40,0.05,0.316277172745679,0.158089183502995,0.874386523746248,0.036388490301564,FALSE,FALSE,FALSE,FALSE,FALSE,FALSE
"De Vos","2006",31,32,63,0.21,0.252701532476812,0.831019891101254,0.405962392577554,0.217587602702755,FALSE,FALSE,FALSE,FALSE,FALSE,FALSE
"Rompe","2008",25,25,50,0.29,0.284325517672966,1.01995769628233,0.307748524304626,0.301243706237095,FALSE,FALSE,FALSE,FALSE,FALSE,FALSE
"McCormack","2016",7,8,15,1.28,0.567864839720224,2.25405749831356,0.0241925509878598,1.37431370441622,TRUE,FALSE,TRUE,TRUE,FALSE,FALSE
"Rompe","2008",25,25,50,0.29,0.284325517672966,1.01995769628233,0.307748524304626,0.301243706237095,FALSE,FALSE,FALSE,FALSE,FALSE,FALSE
"Munteanu","2015",49,50,99,0.16,0.201339157131938,0.794678999749423,0.426800251182409,0.185292048694859,FALSE,FALSE,FALSE,FALSE,FALSE,FALSE
"Tumulti","2016",20,20,40,1.21,0.343949487570486,3.5179584320562,0.000434880478107457,2.09831723261352,TRUE,TRUE,TRUE,TRUE,TRUE,TRUE
"Rompe","2009",34,34,68,0.76,0.251138583724792,3.02621759161006,0.00247634027061684,1.42219754657384,TRUE,TRUE,TRUE,TRUE,FALSE,FALSE
"Abrisham","2011",40,40,80,1.29,0.245765386090068,5.24890840212642,1.53003123820906e-07,3.5811757451356,TRUE,TRUE,TRUE,TRUE,TRUE,TRUE
"Bingol","2005",20,20,40,0.35,0.31863968679372,1.09841935736832,0.272021413547137,0.352918685932328,FALSE,FALSE,FALSE,FALSE,FALSE,FALSE
"Dogan","2010",30,22,52,0.18,0.281246186195328,0.640008678642093,0.522166957203297,0.164446424247782,FALSE,FALSE,FALSE,FALSE,FALSE,FALSE
"Eslamian","2012",25,25,50,0.62,0.289558284288328,2.14119240802876,0.0322585250284883,0.87779977876896,TRUE,FALSE,FALSE,FALSE,FALSE,FALSE
"Stergioulas","2008",31,32,63,1.96,0.306589225846275,6.39291871588062,1.62748789040064e-10,5.44003870593699,TRUE,TRUE,TRUE,TRUE,TRUE,TRUE
"Yamany","2011",20,20,40,1.44,0.35485208185947,4.05802889038784,4.9488646864368e-05,2.68747390482362,TRUE,TRUE,TRUE,TRUE,TRUE,TRUE
"Frey","2010",307,9,316,0.144952632302481,0.338233182545378,0.428558283996971,0.668244709408871,0.0700345543840576,FALSE,FALSE,FALSE,FALSE,FALSE,FALSE
"McGuine","2011",121,102,223,0.703295953487783,0.13848252411983,5.07858993730657,3.80246420578423e-07,2.73385920477186,TRUE,TRUE,TRUE,TRUE,TRUE,TRUE
"McGuine","2012",120,113,233,0.564448203056343,0.133665947979678,4.22282721656348,2.41256770431164e-05,1.95049694434182,TRUE,TRUE,TRUE,TRUE,TRUE,FALSE
"Sitler","1994",87,90,177,1.01247594682227,0.159690788726676,6.34022760420581,2.29425972035349e-10,4.2880213763374,TRUE,TRUE,TRUE,TRUE,TRUE,TRUE
"Surve","1994",127,131,258,0.647062420719859,0.127745911204474,5.06522999146449,4.07907568939076e-07,2.64943855793135,TRUE,TRUE,TRUE,TRUE,TRUE,TRUE
"Balci","2016",36,17,53,0.31,0.295817360821043,1.04794390410215,0.294664452697689,0.307765284043558,FALSE,FALSE,FALSE,FALSE,FALSE,FALSE
"Dundar","2009",29,28,57,0.62,0.271236011914968,2.28583216374074,0.0222640792487751,0.94106664576126,TRUE,FALSE,FALSE,FALSE,FALSE,FALSE
"Gutiérrez","2015",28,28,56,1.03,0.284430822621499,3.62126716966484,0.000293163572054143,2.02088673569734,TRUE,TRUE,TRUE,TRUE,TRUE,TRUE
"Hussein","2015",30,30,60,0.31,0.259745067325638,1.19347790967425,0.232682258536152,0.356120846990016,FALSE,FALSE,FALSE,FALSE,FALSE,FALSE
"Ibrahim","2014",30,30,60,0.35,0.260168214814954,1.34528347457409,0.178533708124603,0.420818968304264,FALSE,FALSE,FALSE,FALSE,FALSE,FALSE
"Kumar","2012",20,20,40,1.23,0.344835105521465,3.56692221965039,0.000361198632274023,2.14864232394637,TRUE,TRUE,TRUE,TRUE,TRUE,TRUE
"Rawat","2016",21,21,42,1.07,0.329951295107107,3.24290286435355,0.00118318542181972,1.80314090219568,TRUE,TRUE,TRUE,TRUE,TRUE,FALSE
"Bisset","2006",66,67,133,0.43,0.17541950024954,2.45126681690639,0.0142354388084163,0.869471815042348,TRUE,FALSE,FALSE,FALSE,FALSE,FALSE
"Luginbühl","2008",10,10,20,0.55,0.455590276454623,1.20722506257172,0.22734548099456,0.494464905576205,FALSE,FALSE,FALSE,FALSE,FALSE,FALSE
"McQueen","2020",21,38,59,0.29,0.273217036359629,1.06142722234305,0.288495790965008,0.304859194947274,FALSE,FALSE,FALSE,FALSE,FALSE,FALSE
"Olaussen","2015",58,60,118,0.88,0.192845538992259,4.56323752469755,5.03707723300237e-06,2.55700921742429,TRUE,TRUE,TRUE,TRUE,TRUE,TRUE
"Smidt","2002",64,59,123,0.23,0.181077864999506,1.27017181255493,0.204023435875269,0.330311619965315,FALSE,FALSE,FALSE,FALSE,FALSE,FALSE
"Martinez-Silvestrini","2005",31,30,61,0.22,0.256881527480934,0.856425925824225,0.391762229367448,0.227956442333409,FALSE,FALSE,FALSE,FALSE,FALSE,FALSE
"Nagrale","2009",30,30,60,2.08,0.320499609984162,6.48986749189113,8.59119017868002e-11,5.66090576655764,TRUE,TRUE,TRUE,TRUE,TRUE,TRUE
"Peterson","2014",60,60,120,0.17,0.182903663167253,0.929451040270016,0.352655387032977,0.217705637018241,FALSE,FALSE,FALSE,FALSE,FALSE,FALSE
"Stasinopoulous","2013",30,30,60,3.48,0.409373505086329,8.50079440110843,1.88297613877424e-17,9.40592380977417,TRUE,TRUE,TRUE,TRUE,TRUE,TRUE
"Stasinopoulous","2006",25,25,50,1.02,0.300672579394929,3.39239448456736,0.000692846112846069,1.85957562946955,TRUE,TRUE,TRUE,TRUE,TRUE,FALSE
"Stasinopoulous","2017",11,12,23,0.86,0.436257590320202,1.97131240597735,0.0486881532060297,0.963905314762996,TRUE,FALSE,FALSE,FALSE,FALSE,FALSE
"Tiwari","2018",20,20,40,1.65,0.366102786113408,4.50693101114198,6.57720064959237e-06,3.2345598398547,TRUE,TRUE,TRUE,TRUE,TRUE,TRUE
"Tyler","2010",11,10,21,1.29,0.48013593854295,2.68673910125269,0.00721532864027124,1.61980988450002,TRUE,FALSE,TRUE,TRUE,TRUE,FALSE
"Buchbinder","2002",80,81,161,0.04,0.157640882883994,0.253741283785092,0.799695437714218,0.0439886910393227,FALSE,FALSE,FALSE,FALSE,FALSE,FALSE
"Haake","2003",126,129,255,0.09,0.125316911364529,0.718179206780821,0.472646797078046,0.135241158004118,FALSE,FALSE,FALSE,FALSE,FALSE,FALSE
"Speed","2003",46,42,88,0.18,0.213852157233443,0.841702989245557,0.399954224624675,0.204676399125859,FALSE,FALSE,FALSE,FALSE,FALSE,FALSE
"Theodore","2004",73,73,146,0.24,0.166115985227025,1.44477366023505,0.148521471866837,0.382659765156618,FALSE,FALSE,FALSE,FALSE,FALSE,FALSE
"Kudo","2006",53,52,105,0.4,0.197130917212333,2.02910839992264,0.0424472505288993,0.678882693500541,TRUE,FALSE,FALSE,FALSE,FALSE,FALSE
"Gerdesmeyer","2008",125,118,243,0.29,0.129025662326051,2.24761489126995,0.0246007571921974,0.67448327213572,TRUE,FALSE,FALSE,FALSE,FALSE,FALSE
"Ibrahim","2010",25,25,50,3.2,0.427083130081252,7.49268649265355,6.74779489301183e-14,7.75224877022476,TRUE,TRUE,TRUE,TRUE,TRUE,TRUE
"Ibrahim","2016",25,25,50,5.01,0.575326863617544,8.70809328891422,3.09028933100533e-18,10.3062448499902,TRUE,TRUE,TRUE,TRUE,TRUE,TRUE
"Caner","2021",16,21,37,0.71,0.341952057723316,2.07631445392408,0.0378648773571848,0.906620254065423,TRUE,FALSE,FALSE,FALSE,FALSE,FALSE
"Clark","2000",20,22,42,0.082,0.309086708018305,0.265297723495582,0.790780118087063,0.0628025891780593,FALSE,FALSE,FALSE,FALSE,FALSE,FALSE
"Herrington and Al-Sherhi","2007",15,15,30,3.438,0.574744058980459,5.98179301948537,2.20694603698585e-09,5.86018802327634,TRUE,TRUE,TRUE,TRUE,TRUE,TRUE
"van Linschoten","2009",65,66,131,0.342,0.176018629744259,1.9429761525635,0.0520190397386072,0.606364272586283,FALSE,FALSE,FALSE,FALSE,FALSE,FALSE
"Song","2009",30,30,60,0.922,0.271570801081412,3.39506307868349,0.000686127905795676,1.77914838023981,TRUE,TRUE,TRUE,TRUE,TRUE,FALSE
"Atkinson","2008",30,30,60,0.64,0.264726273724389,2.417591540862,0.0156236036369378,1.01578467356249,TRUE,FALSE,FALSE,FALSE,FALSE,FALSE
"Bang and Deyle","2000",28,24,52,0.42,0.281206518820432,1.4935642379905,0.135289552485789,0.506255272176657,FALSE,FALSE,FALSE,FALSE,FALSE,FALSE
"Bialoszweki and Zaborowski","2011",15,15,30,0.91,0.383581803530877,2.37237530983857,0.0176741275463114,1.18653902624528,TRUE,FALSE,TRUE,FALSE,FALSE,FALSE
"Conroy and Hayes","1998",7,7,14,2.48,0.71089480837282,3.48856113561515,0.00048562775438941,2.89120970559835,TRUE,TRUE,TRUE,TRUE,TRUE,TRUE
"Kachingwe","2008",9,8,17,0.48,0.492836262565313,0.973954305840853,0.330079227841799,0.391224533547224,FALSE,FALSE,FALSE,FALSE,FALSE,FALSE
"Kromer","2013",46,44,90,0.34,0.212387912519233,1.60084439819149,0.109411387199944,0.49171864340159,FALSE,FALSE,FALSE,FALSE,FALSE,FALSE
"McClatchie","2009",21,21,42,1.22,0.33609097407866,3.62996954424151,0.000283454662811705,2.18544151873755,TRUE,TRUE,TRUE,TRUE,TRUE,TRUE
"Munday","2007",15,15,30,0.33,0.367625262098966,0.897653219247928,0.369370456849433,0.292824872742992,FALSE,FALSE,FALSE,FALSE,FALSE,FALSE
"Senbursa","2007",15,15,30,1.49,0.412716609794178,3.61022542984898,0.000305930999892538,2.37920651580396,TRUE,TRUE,TRUE,TRUE,TRUE,TRUE
"Surenkok","2009",13,30,43,0.06,0.332111834660445,0.180662035309114,0.856632859799127,0.0411426802747088,FALSE,FALSE,FALSE,FALSE,FALSE,FALSE
"Costa","2006",22,26,48,0.0961067995157116,0.289848749581449,0.331575691302768,0.740209677618691,0.0777076116529288,FALSE,FALSE,FALSE,FALSE,FALSE,FALSE
"Young","2014",42,42,84,0.394115960153295,0.22032615690596,1.78878425370762,0.0736495678035502,0.588703420330864,FALSE,FALSE,FALSE,FALSE,FALSE,FALSE
"Barfod","2014",29,28,57,0.224013871882964,0.26577667166553,0.84286506591849,0.399303913203097,0.22706426507786,FALSE,FALSE,FALSE,FALSE,FALSE,FALSE
"Korkmaz","2015",23,24,47,0.212852155132953,0.292620755730998,0.727399376032728,0.466981336632012,0.197775790766838,FALSE,FALSE,FALSE,FALSE,FALSE,FALSE
"Barfod","2020",68,62,130,0.130233333437055,0.175784379720852,0.740869772637748,0.458772404805816,0.160081258781689,FALSE,FALSE,FALSE,FALSE,FALSE,FALSE
"Costa","2020",274,266,540,0.173873339690442,0.0862381937899812,2.01619876355344,0.0437791956810377,0.497268088372531,TRUE,FALSE,FALSE,FALSE,FALSE,FALSE
"Maempel","2020",65,60,125,0.53457681008934,0.182193225765458,2.93412012353035,0.00334494725965989,1.18059941059857,TRUE,TRUE,TRUE,FALSE,FALSE,FALSE
"Jena Etnoyer-Slaski","2016",13,12,25,1.35,0.4435159639251,3.04385886824129,0.00233564683704268,1.88247908210823,TRUE,TRUE,TRUE,TRUE,TRUE,FALSE
"Kang","2020",18,18,36,0.18,0.334007651276301,0.538909810335748,0.58994908767153,0.147262801439318,FALSE,FALSE,FALSE,FALSE,FALSE,FALSE
"Kocyigit","2016",22,23,45,1.7,0.347913663766202,4.88626971874954,1.02764395362277e-06,3.62213404434806,TRUE,TRUE,TRUE,TRUE,TRUE,TRUE
"Miccinili","2018",21,19,40,0.62,0.324122857210682,1.91285491352125,0.0557666288692018,0.782508529579983,FALSE,FALSE,FALSE,FALSE,FALSE,FALSE
"Shakeri","2013",15,15,30,0.79,0.379123990272312,2.08375101621127,0.0371828210706941,0.967867504923003,TRUE,FALSE,FALSE,FALSE,FALSE,FALSE
"Şimşek","2013",19,19,38,1.22,0.353337471011854,3.45278975509244,0.000554821249103644,2.06094487954225,TRUE,TRUE,TRUE,TRUE,TRUE,TRUE
"Cochrane","2005",152,158,310,0.19,0.113869605685289,1.66857519929522,0.0952015973140192,0.409958845955868,FALSE,FALSE,FALSE,FALSE,FALSE,FALSE
"Foley","2003",35,35,70,0.18,0.239529300325212,0.751473827024967,0.452367546513025,0.186715584786018,FALSE,FALSE,FALSE,FALSE,FALSE,FALSE
"Hinman","2007",36,35,71,0.08,0.237474791865877,0.336877861314994,0.736208974958014,0.0718424268351119,FALSE,FALSE,FALSE,FALSE,FALSE,FALSE
"Lim","2010",24,20,44,0.58,0.309013582127702,1.87694015261864,0.0605262968469428,0.741156659966546,FALSE,FALSE,FALSE,FALSE,FALSE,FALSE
"Lund","2008",26,23,49,0.06,0.286315444964084,0.209559075681462,0.834011823224723,0.0466382531288889,FALSE,FALSE,FALSE,FALSE,FALSE,FALSE
"Cain","2017",11,11,22,0.97,0.450779627675511,2.15182750161514,0.0314109429496871,1.11955723592158,TRUE,FALSE,TRUE,FALSE,FALSE,FALSE
"Cain","2020",10,11,21,0.6,0.446632420991266,1.34338657876279,0.179146830458524,0.564801069025238,FALSE,FALSE,FALSE,FALSE,FALSE,FALSE
"Chang","2021",21,21,42,1.18,0.334386431713797,3.52885131717895,0.000417367552097994,2.08192379187931,TRUE,TRUE,TRUE,TRUE,TRUE,TRUE
"Cloak","2010",19,19,38,0.45,0.328523411005894,1.36976539547718,0.170760147418526,0.485897866379994,FALSE,FALSE,FALSE,FALSE,FALSE,FALSE
"Cruz-Diaz","2020",26,26,52,1.05,0.295844618780769,3.54916038130843,0.000386461622333265,1.98886187488186,TRUE,TRUE,TRUE,TRUE,TRUE,FALSE
"Kim","2021",25,24,49,1.05,0.304822352636198,3.44462927642699,0.000571843107701248,1.91854847333741,TRUE,TRUE,TRUE,TRUE,TRUE,FALSE
"Linens","2016",17,17,34,1.45,0.385442831650283,3.76190677562167,0.000168622902621903,2.46368617757256,TRUE,TRUE,TRUE,TRUE,TRUE,TRUE
"McKeon","2008",16,15,31,0.89,0.376752535649436,2.36229332462446,0.0181622653403361,1.16727551137722,TRUE,FALSE,TRUE,FALSE,FALSE,FALSE
"Sierra-Guzmán","2018",16,17,33,0.86,0.364046137210416,2.36233793493852,0.0181600797058486,1.14643810895945,TRUE,FALSE,TRUE,FALSE,FALSE,FALSE
"Sofia","2021",12,10,22,0.75,0.442851469730455,1.69357008221401,0.0903470071318078,0.777762655815713,FALSE,FALSE,FALSE,FALSE,FALSE,FALSE
"Guller","2018",20,20,40,0.5,0.321130814466628,1.55699788832305,0.119470986771701,0.57596941077603,FALSE,FALSE,FALSE,FALSE,FALSE,FALSE
"Ammar 1","2016",28,28,56,0.75940146962335,0.276726570050689,2.74423041301834,0.00606529494702501,1.26825492503354,TRUE,FALSE,TRUE,TRUE,FALSE,FALSE
"Basford","1999",23,24,47,0.59207601277772,0.298117804669181,1.98604713809275,0.0470280900718374,0.793998181612476,TRUE,FALSE,FALSE,FALSE,FALSE,FALSE
"Chung","2004",31,29,60,0.693631792212791,0.265989095008088,2.6077452242608,0.00911407622147222,1.14742058262583,TRUE,FALSE,TRUE,FALSE,FALSE,FALSE
"Collins","2011",19,10,29,0.066779180007458,0.39077930621961,0.17088719628856,0.864312464454666,0.0433050537420124,FALSE,FALSE,FALSE,FALSE,FALSE,FALSE
"Dundar","2015",30,31,61,0.493203954788172,0.25997163588432,1.89714525244451,0.0578087701431623,0.693432801983239,FALSE,FALSE,FALSE,FALSE,FALSE,FALSE
"Emanet","2010",23,24,47,0.43280450111733,0.295190939371726,1.46618491081907,0.142597918219161,0.505883558590591,FALSE,FALSE,FALSE,FALSE,FALSE,FALSE
"Ho","2007",8,8,16,0.0130666666666667,0.500005335527088,0.0261330544660934,0.979151212408352,0.00759910484584511,FALSE,FALSE,FALSE,FALSE,FALSE,FALSE
"Lam","2007",21,18,39,1.55311868569367,0.366196610696374,4.24121534806181,2.22312707090913e-05,2.92447942865604,TRUE,TRUE,TRUE,TRUE,TRUE,TRUE
"López-de-Celis","2018",18,18,36,0.854918032786885,0.348227353151808,2.45505709143471,0.014086221514092,1.18948950184296,TRUE,FALSE,TRUE,FALSE,FALSE,FALSE
"Nourbakhsh","2008",11,12,23,0.837696417479168,0.435313150726976,1.92435357415738,0.0543102795218845,0.929053463203586,FALSE,FALSE,FALSE,FALSE,FALSE,FALSE
"Nourbakhsh","2008",10,8,18,1.25286149305742,0.518268000190862,2.4174008285212,0.0156317929578428,1.43872441915938,TRUE,FALSE,TRUE,TRUE,FALSE,FALSE
"Sharkar","2013",15,15,30,1.05767114552722,0.389843307241958,2.71306734238936,0.0066663557639163,1.4732111572271,TRUE,FALSE,TRUE,TRUE,FALSE,FALSE
"Stergioulas","2007",25,25,50,0.411569553270154,0.285821438964592,1.43995340154011,0.149880583144012,0.485149604614139,FALSE,FALSE,FALSE,FALSE,FALSE,FALSE
"Taheri","2017",20,20,40,0.54183379161761,0.321977946794084,1.68282889251459,0.0924082201264139,0.64559966556467,FALSE,FALSE,FALSE,FALSE,FALSE,FALSE
"Uzunca","2007",20,20,40,0.500318573774028,0.321137016615636,1.55795983610589,0.119242769375084,0.576487741514997,FALSE,FALSE,FALSE,FALSE,FALSE,FALSE
"Apparao","2017",48,45,93,0.44,0.209991465947093,2.0953232457116,0.0361422674091994,0.732535989822188,TRUE,FALSE,FALSE,FALSE,FALSE,FALSE
"Baldon","2014",15,16,31,0.7,0.370229513238907,1.89071906741344,0.0586618557642161,0.82585211042417,FALSE,FALSE,FALSE,FALSE,FALSE,FALSE
"Banan Khojaste","2016",15,15,30,0.44,0.369540254911424,1.19066865964431,0.233783685944199,0.427308046878142,FALSE,FALSE,FALSE,FALSE,FALSE,FALSE
"Beaudreuil","2011 (and 2015)",30,32,62,0.56,0.259060544258283,2.1616568497659,0.0306446359750631,0.844483681829009,TRUE,FALSE,FALSE,FALSE,FALSE,FALSE
"Bennell","2014 (and 2015)",38,44,82,0.03,0.221469072346084,0.135459094501104,0.892248903964305,0.0258718875904536,FALSE,FALSE,FALSE,FALSE,FALSE,FALSE
"Davenport","2012",13,13,26,0.42,0.396533052264829,1.0591803069155,0.289517671908557,0.380448806996622,FALSE,FALSE,FALSE,FALSE,FALSE,FALSE
"Eshoj","2020",28,28,56,0.46,0.270772703836367,1.69884184588261,0.0893489867165263,0.599998599776901,FALSE,FALSE,FALSE,FALSE,FALSE,FALSE
"Harris-Hayes","2019",22,20,42,0.01,0.30895911692445,0.0323667419157121,0.974179584690912,0.0069989101429689,FALSE,FALSE,FALSE,FALSE,FALSE,FALSE
"Knoop","2013 and 2014",79,79,158,0.16,0.159365831828627,1.00397932332229,0.315388579967862,0.227936425029541,FALSE,FALSE,FALSE,FALSE,FALSE,FALSE
"Rabelo","2017",17,17,34,0.5,0.348315273009618,1.43548112513055,0.151150043146091,0.535816533537858,FALSE,FALSE,FALSE,FALSE,FALSE,FALSE
"Turgut","2017",15,15,30,0.75,0.377767565221438,1.98534778802508,0.047105790667919,0.898318738533913,TRUE,FALSE,FALSE,FALSE,FALSE,FALSE
"Wang","2006",15,15,30,0.08,0.365294401818588,0.219001439939201,0.826648926085045,0.0559729906088115,FALSE,FALSE,FALSE,FALSE,FALSE,FALSE
"Warby","2018",17,22,39,0.28,0.324473732482983,0.862935800249053,0.388172765826309,0.258301854075488,FALSE,FALSE,FALSE,FALSE,FALSE,FALSE
"Collins","2014",14,13,27,1.05,0.410814209854424,2.55589990514709,0.0105913580621507,1.37983676754373,TRUE,FALSE,TRUE,TRUE,FALSE,FALSE
"Hall","2018",13,13,26,0.18,0.393025738049343,0.457985273161428,0.646963021650566,0.133656610412471,FALSE,FALSE,FALSE,FALSE,FALSE,FALSE
"Wright","2016",20,20,40,0.46,0.320382583796311,1.43578341415854,0.151063980777413,0.512364755113643,FALSE,FALSE,FALSE,FALSE,FALSE,FALSE
"Ferber","2015",111,88,199,0.15,0.142930675629698,1.04945981217228,0.293966542255729,0.231290160024813,FALSE,FALSE,FALSE,FALSE,FALSE,FALSE
"Hott","2019",39,37,76,0.88,0.240338905527503,3.66149624451584,0.000250746537507463,1.91447205087301,TRUE,TRUE,TRUE,TRUE,TRUE,FALSE
"Saad","2018",10,10,20,1.03,0.475943799203225,2.1641210616134,0.0304550594899112,1.1654923813277,TRUE,FALSE,TRUE,FALSE,FALSE,FALSE
"Cetti","1994",30,30,60,0.647062420719859,0.264869303876268,2.44294982940768,0.0145677622913307,1.03287453940471,TRUE,FALSE,FALSE,FALSE,FALSE,FALSE
"Mortensen","1999",31,30,61,0.49259564601314,0.259962182118885,1.89487425439392,0.0581090627622281,0.692172451825021,FALSE,FALSE,FALSE,FALSE,FALSE,FALSE
"Costa","2003",13,13,26,0.435611801306227,0.396856824633782,1.09765480714161,0.272355250816689,0.399204867165603,FALSE,FALSE,FALSE,FALSE,FALSE,FALSE
"Groetelaers","2014",32,29,61,0.703295953487783,0.264172412495902,2.6622611605922,0.00776176310546709,1.18187663421735,TRUE,FALSE,TRUE,FALSE,FALSE,FALSE
"Akbas","2015",18,18,36,0.23,0.334433600783972,0.68772993939855,0.491622862559764,0.198141382294479,FALSE,FALSE,FALSE,FALSE,FALSE,FALSE
"Contractor","2016",15,15,30,1.93,0.442057688543023,4.36594600664245,1.26573745619085e-05,3.3156765920534,TRUE,TRUE,TRUE,TRUE,TRUE,TRUE
"Lokesh","2015",15,15,30,0.72,0.376793488974177,1.9108610447601,0.0560224403454948,0.847349513908627,FALSE,FALSE,FALSE,FALSE,FALSE,FALSE
"Muhammed","2018",10,10,20,1.37,0.496912970247306,2.75702201799678,0.00583304236472436,1.71718167665062,TRUE,FALSE,TRUE,TRUE,TRUE,FALSE
"Nellutla","2011",20,20,40,0.3,0.318001572323157,0.943391561898117,0.345480657623284,0.288114218500821,FALSE,FALSE,FALSE,FALSE,FALSE,FALSE
"Ardakani","2019",14,14,28,1.19,0.410054438894573,2.90205369610925,0.00370724989504356,1.67980834559459,TRUE,TRUE,TRUE,TRUE,TRUE,FALSE
"Radenne","2017",10,11,21,0.1,0.437203826775551,0.228726268792101,0.819081676410444,0.0655509943470236,FALSE,FALSE,FALSE,FALSE,FALSE,FALSE
"Youssef","2018",13,12,25,1.39,0.445980280120557,3.11672973438255,0.00182869135391319,1.95849576625072,TRUE,TRUE,TRUE,TRUE,TRUE,FALSE
"Darre","1994",46,43,89,0.31,0.213388921991561,1.45274645518974,0.146294163555425,0.428222673234947,FALSE,FALSE,FALSE,FALSE,FALSE,FALSE
"Tumilty","2012",20,20,40,0.22,0.317182912528402,0.693606090713667,0.487929273054819,0.194526501834352,FALSE,FALSE,FALSE,FALSE,FALSE,FALSE
"Tumilty","2008",10,10,20,0.21,0.448444533916961,0.468285337688799,0.639580552325814,0.149193139996132,FALSE,FALSE,FALSE,FALSE,FALSE,FALSE
"Basford","1998",16,15,31,0.21,0.360385844601654,0.582708791551233,0.560089353874727,0.168800555439952,FALSE,FALSE,FALSE,FALSE,FALSE,FALSE
"Macias","2015",37,32,69,0.57,0.246234390069937,2.31486755297708,0.020620181567227,0.916718790805939,TRUE,FALSE,FALSE,FALSE,FALSE,FALSE
"Naterstad","2022",20,21,41,0.53,0.317875222965152,1.66732089105952,0.0954506147496073,0.632584004321007,FALSE,FALSE,FALSE,FALSE,FALSE,FALSE
"Kiritsi","2010",25,25,50,1.38,0.314712567273695,4.38495358464621,1.16010512200183e-05,2.9049969352874,TRUE,TRUE,TRUE,TRUE,TRUE,TRUE
"Lamba","2013",40,40,80,0.44,0.226296265987753,1.94435377923475,0.0518528035481222,0.675337354636922,FALSE,FALSE,FALSE,FALSE,FALSE,FALSE
"Stergioulas","2008",26,26,52,0.98,0.293526305989246,3.33871268095441,0.000841675715495243,1.79187017004336,TRUE,TRUE,TRUE,TRUE,TRUE,FALSE
"Stergioulas","2003",18,17,35,0.55,0.344529408815487,1.59638041318718,0.110403886464867,0.619801466456005,FALSE,FALSE,FALSE,FALSE,FALSE,FALSE
"de Marche Baldon","2014",15,16,31,1.06,0.383782812684242,2.76197881970321,0.00574522053209653,1.50244793425309,TRUE,FALSE,TRUE,TRUE,TRUE,FALSE
"Dolak","2011",16,17,33,0.74,0.360028469858613,2.05539300903233,0.0398410601984683,0.921736097679358,TRUE,FALSE,FALSE,FALSE,FALSE,FALSE
"Ferber","2015",88,111,199,0.02,0.142736296707498,0.140118529493482,0.888566340599946,0.0223198875269176,FALSE,FALSE,FALSE,FALSE,FALSE,FALSE
"Fukuda","2010",20,21,41,0.54,0.318080406784233,1.69768394557639,0.0895674294485505,0.649715016261249,FALSE,FALSE,FALSE,FALSE,FALSE,FALSE
"Fukuda","2012",24,25,49,2.37,0.372802860489449,6.3572473582645,2.05401097840113e-10,5.73152272328421,TRUE,TRUE,TRUE,TRUE,TRUE,TRUE
"Ismail","2013",16,16,32,0.87,0.369900746822712,2.35198227490192,0.018673664753064,1.14857022038821,TRUE,FALSE,TRUE,FALSE,FALSE,FALSE
"Khayambashi","2012",18,18,36,1.24,0.363959704729338,3.40697056264,0.000656882112280666,2.04491900693,TRUE,TRUE,TRUE,TRUE,TRUE,TRUE
"Nakagawa","2008",7,7,14,1.03,0.568861645242999,1.81063358483242,0.0701975898265987,1.00658718993478,FALSE,FALSE,FALSE,FALSE,FALSE,FALSE
"Razeghi","2010",16,16,32,0.85,0.369173485640559,2.30244054099701,0.0213103409231752,1.11046050324223,TRUE,FALSE,TRUE,FALSE,FALSE,FALSE
"Şahin","2016",25,25,50,0.75,0.292617497767991,2.56307297315028,0.0103750239845751,1.16777275971101,TRUE,FALSE,TRUE,FALSE,FALSE,FALSE
"Bagcier","2019",20,20,40,1.82,0.376038561852372,4.83992915788916,1.29885420109538e-06,3.67429411411121,TRUE,TRUE,TRUE,TRUE,TRUE,TRUE
"Kheradmandi","2016",7,7,14,1.31,0.589070090420971,2.22384402349103,0.026158940298987,1.38063096272082,TRUE,FALSE,TRUE,TRUE,FALSE,FALSE
"Sukumar","2014",22,22,44,1.14,0.325080409633175,3.50682466927611,0.000453487842951175,2.03439648661608,TRUE,TRUE,TRUE,TRUE,TRUE,TRUE
"Sukumar","2015",18,18,36,1.14,0.359389915149425,3.17204226369573,0.00151370976055848,1.81195968476396,TRUE,TRUE,TRUE,TRUE,TRUE,FALSE
"Etminan","2019",22,22,44,0.79,0.313051331834951,2.52354780083322,0.0116177264679392,1.17732556623819,TRUE,FALSE,TRUE,FALSE,FALSE,FALSE
"Bahr","2006",20,20,40,0.5,0.321130814466628,1.55699788832305,0.119470986771701,0.57596941077603,FALSE,FALSE,FALSE,FALSE,FALSE,FALSE
"Biernat","2014",13,15,28,0.38,0.382319650316741,0.993932693977882,0.320255636151578,0.341706439583447,FALSE,FALSE,FALSE,FALSE,FALSE,FALSE
"da Cunha","2012",6,8,14,0.39,0.545067710953244,0.715507435430264,0.474295548040625,0.282648135055865,FALSE,FALSE,FALSE,FALSE,FALSE,FALSE
"Dimitrios","2012",21,22,43,0.43,0.308583202837732,1.3934653475812,0.163479116755364,0.481513869871678,FALSE,FALSE,FALSE,FALSE,FALSE,FALSE
"Jonsson & Alfredson","2005",9,10,19,2.55,0.618247144889277,4.12456413439108,3.71437484678688e-05,3.46440023082697,TRUE,TRUE,TRUE,TRUE,TRUE,TRUE
"Kongsgaard","2009",13,12,25,0.22,0.401527595884032,0.547907546717013,0.583755386678574,0.167223984898126,FALSE,FALSE,FALSE,FALSE,FALSE,FALSE
"Rio","2016",13,15,28,0.09,0.379123181099345,0.237389862943824,0.812354353202076,0.0623667118298587,FALSE,FALSE,FALSE,FALSE,FALSE,FALSE
"van Ark","2016",25,20,45,0.07,0.300090727021753,0.233262789206165,0.815557351549986,0.0535596557580586,FALSE,FALSE,FALSE,FALSE,FALSE,FALSE
"Visnes","2005",16,13,29,0.31,0.375606141423168,0.825332617899731,0.409182778411464,0.265374168739841,FALSE,FALSE,FALSE,FALSE,FALSE,FALSE
"Bryk","2016",17,17,34,0.79,0.356124978062477,2.21832235497226,0.0265328609974409,1.02921163370197,TRUE,FALSE,FALSE,FALSE,FALSE,FALSE
"Curran","2020",18,16,34,0.02,0.343600695442394,0.0582070998845027,0.953583665422962,0.0134779503871681,FALSE,FALSE,FALSE,FALSE,FALSE,FALSE
"Ferraz","2018",16,16,32,0.27,0.355160615074363,0.760219429013737,0.447123433257909,0.232250987386212,FALSE,FALSE,FALSE,FALSE,FALSE,FALSE
"Giles","2017",35,34,69,0.2,0.241398111736142,0.828506894944599,0.407383491768595,0.21208731900733,FALSE,FALSE,FALSE,FALSE,FALSE,FALSE
"Hughes","2019",14,14,28,0.81,0.393158001680895,2.06024040344328,0.0393755641440486,0.970711684890254,TRUE,FALSE,FALSE,FALSE,FALSE,FALSE
"Ladlow","2018",14,14,28,0.29,0.379945954803349,0.763266449698345,0.445304506523738,0.24278130109911,FALSE,FALSE,FALSE,FALSE,FALSE,FALSE
"Aytar","2015",22,22,44,0.38,0.304220314903525,1.24909475595181,0.211630418447584,0.410368925735775,FALSE,FALSE,FALSE,FALSE,FALSE,FALSE
"Başkurt","2011",20,20,40,0.11,0.316466822905656,0.347587778680967,0.728149785844818,0.0860013199423999,FALSE,FALSE,FALSE,FALSE,FALSE,FALSE
"Miller","2009",6,12,18,1.44,0.554616984954482,2.59638640550863,0.00942100512048902,1.61391470929419,TRUE,FALSE,TRUE,TRUE,TRUE,FALSE
"Moezy","2014",33,35,68,0.14,0.242937392184731,0.57628016313579,0.564425828780208,0.135548110528532,FALSE,FALSE,FALSE,FALSE,FALSE,FALSE
"Shah","2014",30,30,60,1.05,0.275416351487465,3.81240980910965,0.000137618452949933,2.17153817921231,TRUE,TRUE,TRUE,TRUE,TRUE,TRUE
"Struyf","2009",10,10,20,1.03,0.475943799203225,2.1641210616134,0.0304550594899112,1.1654923813277,TRUE,FALSE,TRUE,FALSE,FALSE,FALSE
"Hawamdeh","2015",12,12,24,0.32,0.410852771683483,0.778867813617977,0.436057585667318,0.261160134926047,FALSE,FALSE,FALSE,FALSE,FALSE,FALSE
"Marks","2008",16,9,25,0.76,0.430305834391205,1.76618567367381,0.0773647037533676,0.795067832838829,FALSE,FALSE,FALSE,FALSE,FALSE,FALSE
"Rompe","2003",19,20,39,1.04,0.341318393313392,3.04700836630592,0.00231131276564896,1.65684113039636,TRUE,TRUE,TRUE,TRUE,TRUE,FALSE
"Vahdatpour","2012",20,20,40,0.61,0.323498454401254,1.88563497506972,0.0593441609021115,0.76565297999717,FALSE,FALSE,FALSE,FALSE,FALSE,FALSE
"Arshad","2015",50,50,100,0.18,0.200404590765781,0.898183017226246,0.369087985837567,0.216435045634857,FALSE,FALSE,FALSE,FALSE,FALSE,FALSE
"Doner","2012",20,20,40,0.69,0.325501536094686,2.11980566444788,0.0340224374189919,0.916466664195774,TRUE,FALSE,FALSE,FALSE,FALSE,FALSE
"Goyal","2013",10,10,20,0.1,0.447493016705289,0.223467174384664,0.823171928223452,0.0649558031467367,FALSE,FALSE,FALSE,FALSE,FALSE,FALSE
"Haider","2014",30,30,60,1.35,0.286101671904704,4.71860227524174,2.37470573323215e-06,3.16305499772655,TRUE,TRUE,TRUE,TRUE,TRUE,TRUE
"Khyathi","2015",20,20,40,0.93,0.332883237787666,2.79377239352981,0.00520971322788909,1.42515648254659,TRUE,FALSE,TRUE,TRUE,FALSE,FALSE
"Ranjana","2016",15,15,30,1.1,0.391790760483195,2.80762108489586,0.00499089130864596,1.55831613736333,TRUE,TRUE,TRUE,TRUE,TRUE,FALSE
"Rathod","2019",20,20,40,1.03,0.336543087880289,3.06052935595093,0.0022094609996848,1.65768677475339,TRUE,TRUE,TRUE,TRUE,TRUE,FALSE
"Sai","2015",30,30,60,0.38,0.260518713339368,1.45862842299926,0.144667406221459,0.472192286714567,FALSE,FALSE,FALSE,FALSE,FALSE,FALSE
"Yeole","2017",15,15,30,2.33,0.473090900356369,4.92505773889302,8.43354481965924e-07,4.11204552319824,TRUE,TRUE,TRUE,TRUE,TRUE,TRUE
"Youssef","2015",15,15,30,0.86,0.381654293831473,2.2533481580054,0.0242372055245931,1.0936931882053,TRUE,FALSE,FALSE,FALSE,FALSE,FALSE
"Kachanathu","2013",15,15,30,3,0.532290647422377,5.63601861976634,1.74026571496353e-08,5.25304500966784,TRUE,TRUE,TRUE,TRUE,TRUE,TRUE
"Kakati","2017",25,25,50,0.57,0.288529028002383,1.97553779578564,0.0482071498323366,0.775109943870093,TRUE,FALSE,FALSE,FALSE,FALSE,FALSE
"Nishizuka","2017",51,51,102,0.04,0.198049310556146,0.201969902786711,0.839940253382447,0.0377136306832068,FALSE,FALSE,FALSE,FALSE,FALSE,FALSE
"Oken","2008",20,18,38,0.52,0.330323251213713,1.57421555427707,0.115437624593991,0.593532317009298,FALSE,FALSE,FALSE,FALSE,FALSE,FALSE
"Struijs","2004",63,53,116,0.03,0.186399623689702,0.160944530928564,0.872137088847984,0.0287800693681993,FALSE,FALSE,FALSE,FALSE,FALSE,FALSE
"Uygur","2017",41,51,92,2,0.256392701679429,7.80053405147478,6.16457301715179e-15,7.23606532290079,TRUE,TRUE,TRUE,TRUE,TRUE,TRUE
"Cha","2014",16,14,30,3.05,0.537559520513997,5.67379031271494,1.39672082467538e-08,5.31770182475624,TRUE,TRUE,TRUE,TRUE,TRUE,TRUE
"Bang and Deyle","2000",27,22,49,0.81,0.29864105620421,2.71228614811128,0.00668208820861609,1.28688488947854,TRUE,FALSE,TRUE,TRUE,FALSE,FALSE
"Bennell","2010",59,61,120,0.35,0.183991879799056,1.90225786258745,0.0571374515492925,0.59786953943198,FALSE,FALSE,FALSE,FALSE,FALSE,FALSE
"Galasso","2012",11,9,20,1.17,0.486048044971073,2.40716943953479,0.016076708961447,1.378755951998,TRUE,FALSE,TRUE,TRUE,FALSE,FALSE
"Gerdesmeyer","2003",46,42,88,0.43,0.215868530421006,1.99195315390056,0.0463761980795658,0.68589187077862,TRUE,FALSE,FALSE,FALSE,FALSE,FALSE
"Hsu","2008",33,13,46,4.12,0.540120778208165,7.62792354270831,2.38564970745244e-14,8.19265022558961,TRUE,TRUE,TRUE,TRUE,TRUE,TRUE
"Kolk","2013",40,37,77,0.19,0.228607617133469,0.831118413211366,0.40590673870458,0.207567274734572,FALSE,FALSE,FALSE,FALSE,FALSE,FALSE
"Kvalvaag","2017",69,74,143,0.11,0.167477087474704,0.656806263224602,0.511305496477018,0.135162004238462,FALSE,FALSE,FALSE,FALSE,FALSE,FALSE
"Li","2017",42,42,84,0.49,0.221468314405728,2.21250611544514,0.0269317141225416,0.815752690133016,TRUE,FALSE,FALSE,FALSE,FALSE,FALSE
"Pleiner","2004",20,22,42,0.72,0.318788290289926,2.25855221766517,0.0239112529348303,0.998859310222721,TRUE,FALSE,FALSE,FALSE,FALSE,FALSE
"Schmitt","2001",20,18,38,0.06,0.324966035112299,0.184634680295944,0.853515582635586,0.0435430179861438,FALSE,FALSE,FALSE,FALSE,FALSE,FALSE
"Speed","2002",34,40,74,0.18,0.233732076585139,0.770112526401285,0.441233146096283,0.19009514251347,FALSE,FALSE,FALSE,FALSE,FALSE,FALSE
"Gao","2020",14,12,26,2.59,0.532694873111078,4.86207044733455,1.16164263267111e-06,4.19437402556781,TRUE,TRUE,TRUE,TRUE,TRUE,TRUE
"Huang","2016",12,12,24,0.09,0.408454913872592,0.220342556652589,0.825604379065086,0.0603009232690597,FALSE,FALSE,FALSE,FALSE,FALSE,FALSE
"Jeong","2017",15,15,30,0.27,0.366808305976478,0.736079297008379,0.461682441224562,0.227237026895916,FALSE,FALSE,FALSE,FALSE,FALSE,FALSE
"Shamseddini","2021",12,10,22,0.59,0.437315328990074,1.34914090791771,0.177291710794373,0.559668411394404,FALSE,FALSE,FALSE,FALSE,FALSE,FALSE
"Stergioulas","2007",25,25,50,1.08,0.30276063152266,3.5671744855611,0.00036085121356216,2.02632878804317,TRUE,TRUE,TRUE,TRUE,TRUE,TRUE
"Yeldan","2009",34,26,60,0.17,0.260986851202803,0.651373811425846,0.514805211753754,0.162166781368608,FALSE,FALSE,FALSE,FALSE,FALSE,FALSE
"Bleakley","2010",50,51,101,0.0114820658467008,0.199018832776725,0.0576933634194422,0.953992880116667,0.0102053826286671,FALSE,FALSE,FALSE,FALSE,FALSE,FALSE
"Brison","2016",254,250,504,0.0693719463952186,0.0891166771529341,0.778439553756798,0.436309928353218,0.133289237059664,FALSE,FALSE,FALSE,FALSE,FALSE,FALSE
"Holme","1999",29,38,67,0.941297564588586,0.259635889559517,3.62545242179552,0.000288456003132833,1.93854075044506,TRUE,TRUE,TRUE,TRUE,TRUE,FALSE
"Hupperets","2009",256,266,522,0.32330941384246,0.0881236179324485,3.66881684420054,0.000243675567359674,1.32951658785905,TRUE,TRUE,TRUE,TRUE,FALSE,FALSE
"Janssen","2014",107,57,164,0.378238038418596,0.165305247391431,2.28811876445129,0.0221306057736223,0.747234031677765,TRUE,FALSE,FALSE,FALSE,FALSE,FALSE
"Lazarou","2017",10,10,20,1.01247594682227,0.475002830067718,2.13151560945001,0.0330466878759987,1.13823052993094,TRUE,FALSE,TRUE,FALSE,FALSE,FALSE
"Mohammadi","2007",20,20,40,1.40237979365476,0.352963685909244,3.9731560204053,7.09265573615884e-05,2.58990995463148,TRUE,TRUE,TRUE,TRUE,TRUE,TRUE
"Van Rijn","2007",49,53,102,0.0996262730007081,0.198304668848462,0.502389951680054,0.615393245889316,0.104972247602283,FALSE,FALSE,FALSE,FALSE,FALSE,FALSE
"Wester","1996",24,24,48,0.699363650853052,0.297368835163339,2.35183909056544,0.018680854094606,1.02817087348401,TRUE,FALSE,FALSE,FALSE,FALSE,FALSE
"Cruz-diaz","2015",30,31,61,3.59,0.413801355464054,8.67566032009253,4.11157715851495e-18,9.73825184251388,TRUE,TRUE,TRUE,TRUE,TRUE,TRUE
"Hoch and McKeon","2011",20,20,40,0.14,0.316614908050774,0.442177536307131,0.658360740150062,0.113314155632735,FALSE,FALSE,FALSE,FALSE,FALSE,FALSE
"Marrón Gómez","2015",18,15,33,1.04,0.372303775175731,2.79341781992168,0.00521542790522529,1.50325261670973,TRUE,FALSE,TRUE,TRUE,TRUE,FALSE
"Plante","2012",10,10,20,0.16,0.447928565733421,0.357199813184547,0.720942225740892,0.109220800046164,FALSE,FALSE,FALSE,FALSE,FALSE,FALSE
"Reid","2007",23,23,46,0.06,0.294950253727494,0.203424134211576,0.838803537780881,0.0459115242433804,FALSE,FALSE,FALSE,FALSE,FALSE,FALSE
"Vicenzino","2006",16,16,32,0.25,0.354931771612517,0.704360725060499,0.481208158184233,0.211053398674107,FALSE,FALSE,FALSE,FALSE,FALSE,FALSE
"Wells","2012",9,8,17,0.61,0.497046505629171,1.22724934808233,0.219728886906349,0.534855882984772,FALSE,FALSE,FALSE,FALSE,FALSE,FALSE
"Capan","2016",23,22,45,0.31,0.300000973501568,1.03332998017215,0.301449501803191,0.315014207311186,FALSE,FALSE,FALSE,FALSE,FALSE,FALSE
"Devrimsel","2014",30,30,60,0.91,0.271233294416449,3.35504533821278,0.000793519781281331,1.74363246196431,TRUE,TRUE,TRUE,TRUE,TRUE,FALSE
"Eraslan","2018a",15,15,30,0.35,0.367933417889705,0.951259067489541,0.341472880246481,0.315914337269754,FALSE,FALSE,FALSE,FALSE,FALSE,FALSE
"Guler","2018",20,20,40,0.5,0.321130814466628,1.55699788832305,0.119470986771701,0.57596941077603,FALSE,FALSE,FALSE,FALSE,FALSE,FALSE
"Haake","2002",105,101,206,0.11,0.139478201002373,0.78865370509137,0.430314432756419,0.15826927500506,FALSE,FALSE,FALSE,FALSE,FALSE,FALSE
"Ozturan","2010",20,20,40,0.17,0.316798437496147,0.536618808298471,0.591530949551708,0.142330829625352,FALSE,FALSE,FALSE,FALSE,FALSE,FALSE
"Pettrone","2005",56,58,114,0.47,0.18991414327693,2.47480251807603,0.013330986625076,0.911630747569204,TRUE,FALSE,FALSE,FALSE,FALSE,FALSE
"Rompe","1996",50,50,100,1.14,0.215633949089655,5.28673710615955,1.24517388274871e-07,3.45238499856313,TRUE,TRUE,TRUE,TRUE,TRUE,TRUE
"Rompe","2004",31,33,64,0.5,0.253996495682833,1.96853109589493,0.0490069618535505,0.725144913158652,TRUE,FALSE,FALSE,FALSE,FALSE,FALSE
"Speed","2002",38,33,71,0.11,0.238126082242832,0.461940157768295,0.644124235048763,0.103189465923894,FALSE,FALSE,FALSE,FALSE,FALSE,FALSE
"Staples","2008",28,27,55,1.43,0.302227270032541,4.7315386194172,2.22824413485018e-06,3.24762031619333,TRUE,TRUE,TRUE,TRUE,TRUE,TRUE
"Yang","2017",15,13,28,1.09,0.405962824675259,2.68497491333578,0.00725352504068292,1.47838096393176,TRUE,FALSE,TRUE,TRUE,FALSE,FALSE
